theory_index,frequency_real_Hz,frequency_imag_Hz,Q,Eoz1_fraction,Eoz0_fraction,Eoz_1_fraction,Eof1_fraction,Eof0_fraction,Eof_1_fraction,source_shift_index,Forward,Backward
1,915.16692213514,60.1381128616154,7.60887628982508,0,1,0,0,1,0,1,0,0
2,970.718182760711,0.766288800559271,633.389253537464,0,1,0,0,1,0,1,0,0
3,991.145861876282,7.95988342456589,62.2588176867889,0,1,0,0,1,0,1,0,0
4,993.104127148425,8.72168666671402,56.9330317115477,0,1,0,0,1,0,1,0,0
5,994.145153497758,7.84733536570284,63.3428486975794,0,1,0,0,1,0,1,0,0
6,996.119511398581,8.58976058886304,57.9829612882394,0,1,0,0,1,0,1,0,0
7,1013.57469420009,13.5309993125754,37.453800372974,0.964644410118478,3.55361072552521e-06,0.0353520362707968,0.774510947004688,7.04828850705466e-07,0.225488348166462,1,0.964644410118478,0.774510947004688
8,1014.16845824764,12.3891003937671,40.9298668189765,0.881560303059214,8.81357039799017e-07,0.118438815583746,0.764052696456713,4.48254224452226e-06,0.235942821001043,1,0.881560303059214,0.764052696456713
9,1017.65614418704,16.884693832581,30.1354633456057,0.936678159891025,4.62782384554704e-07,0.0633213773265908,0.715272220326721,6.60528349678077e-06,0.284721174389782,1,0.936678159891025,0.715272220326721
10,1018.62009946824,14.9504890041618,34.0664475651829,0.928238389175546,3.77603404126966e-06,0.0717578347904124,0.795466692264822,3.76082639320338e-07,0.204532931652539,1,0.928238389175546,0.795466692264822
11,1041.7881992836,6.86106875614921,75.9202564724265,0.464627658942536,3.16552337402107e-07,0.535372024505126,0.596001937220494,5.78903359113431e-07,0.403997483876147,1,0.464627658942536,0.596001937220494
12,1045.10535940252,8.55268141579552,61.0981111416339,0.518652315913552,6.10727409325899e-07,0.481347073359039,0.595299655845345,7.83021965927037e-07,0.404699561132689,1,0.518652315913552,0.595299655845345
13,1054.47992939583,9.91810622999868,53.1593383324734,0.546438170860323,2.71892645282923e-06,0.453559110213224,0.511284009876993,1.53725256706236e-06,0.48871445287044,1,0.546438170860323,0.511284009876993
14,1058.5739155854,10.6656842565192,49.6252228232976,0.532439367261414,1.54871173377231e-06,0.467559084026852,0.474626524203632,1.34781764736575e-06,0.52537212797872,1,0.532439367261414,0.474626524203632
15,1069.49972175906,77.9574338059422,6.85951082241459,8.13607540274587e-08,0.999999895075373,2.35638729906797e-08,5.68439728139734e-09,0.999999981318773,1.29968298688576e-08,1,8.13607540274587e-08,5.68439728139734e-09
16,1082.07306472748,32.7278252553486,16.53139272599,0.66782744498947,1.30796147770831e-06,0.332171247049052,0.696989582006741,6.47708676468219e-06,0.303003940906495,1,0.66782744498947,0.696989582006741
17,1084.79710521926,36.0702136583823,15.0372980250862,0.771658912931014,2.36577171059546e-06,0.228338721297275,0.858707414874824,1.43606402138229e-06,0.141291149061154,1,0.771658912931014,0.858707414874824
18,1093.48963834672,35.6978623372968,15.3158980223342,0.610630925595343,5.85803655549904e-05,0.389310494039102,0.513984203815114,8.93567398627846e-07,0.486014902617488,1,0.610630925595343,0.513984203815114
19,1093.56325562156,40.0663218904162,13.6469134677812,0.816176762338188,3.29345408373769e-06,0.183819944207728,0.740031046748022,0.000597065041264814,0.259371888210713,1,0.816176762338188,0.740031046748022
20,1117.94934237998,53.575885514905,10.4333258483331,7.38687630334028e-07,0.999998829708644,4.31603725604835e-07,4.71539333822808e-08,0.999999846593206,1.06252860468678e-07,1,7.38687630334028e-07,4.71539333822808e-08
21,1124.37068029292,14.7477345106448,38.1201153126726,0.481846985457741,1.28838301401923e-06,0.518151726159245,0.513318063672226,1.22507469694171e-06,0.486680711253077,1,0.481846985457741,0.513318063672226
22,1153.83775679619,20.8781675182357,27.6326395932112,0.506998518053353,1.56154298924333e-06,0.492999920403658,0.501939220647632,5.90164784793265e-06,0.49805487770452,1,0.506998518053353,0.501939220647632
23,1181.06311946798,1.84452681448887,320.153415550987,0.000410992347257367,0.998141585548086,0.00144742210465633,0.000214982129011207,0.999766126118975,1.88917520142039e-05,1,0.000410992347257367,0.000214982129011207
24,1184.7701195924,34.8568104993262,16.9948153979164,0.58754073030755,6.66295202193257e-06,0.412452606740428,0.518731689620283,8.61668714219476e-07,0.481267448711002,1,0.58754073030755,0.518731689620283
25,1185.30978024406,29.0021686785062,20.4348473623372,0.477437320455669,5.06289930986464e-06,0.522557616645021,0.470571168921088,4.47556453086555e-06,0.529424355514381,1,0.477437320455669,0.470571168921088
26,1196.59309113286,64.1241652721503,9.33028200877458,0.832805132173713,4.84591494766969e-07,0.167194383234792,0.88938753792522,6.66978992043155e-07,0.110611795095788,1,0.832805132173713,0.88938753792522
27,1202.38300291719,69.1720374626701,8.69125044615086,0.885337635810127,6.29981171253226e-07,0.114661734208702,0.907949215471862,1.0122741406287e-06,0.0920497722539973,1,0.885337635810127,0.907949215471862
28,1214.04042963019,57.9022402616702,10.483535905897,0.509933763060023,7.30792715212356e-06,0.490058929012825,0.639933979749453,1.17892340616658e-06,0.360064841327141,1,0.509933763060023,0.639933979749453
29,1214.78468881234,66.3617041514771,9.15275386870324,0.682348380565292,3.27739842588535e-06,0.317648342036282,0.917498257392651,9.23906963998552e-06,0.0824925035377094,1,0.682348380565292,0.917498257392651
30,1231.62089629724,27.6842155144832,22.2440996323864,0.507393131687507,4.44940429546083e-07,0.492606423372063,0.508057741870963,1.27859267347932e-07,0.49194213026977,1,0.507393131687507,0.508057741870963
31,1311.44087725689,42.0341731525946,15.5996987557722,5.0864202621294e-05,0.999920646125356,2.84896720225121e-05,4.96957871345776e-05,0.999900299241895,5.00049709705634e-05,1,5.0864202621294e-05,4.96957871345776e-05
32,1316.90569266254,34.2097175345519,19.2475382372343,0.495254115287868,0.000193476675751055,0.504552408036381,0.502068021927518,0.000134464425972532,0.497797513646509,1,0.495254115287868,0.502068021927518
33,1353.83910542835,103.351608419334,6.5496760337553,0.745147090324404,9.02316429961053e-06,0.254843886511297,0.786852655136678,3.93036825908982e-07,0.213146951826496,1,0.745147090324404,0.786852655136678
34,1357.18758908318,109.73380524699,6.18399947959702,0.914806440916444,4.00841768539079e-06,0.0851895506658707,0.990399645324046,8.35578837814835e-06,0.00959199888757591,1,0.914806440916444,0.990399645324046
35,1357.66831343698,60.6791698834557,11.1872683496215,2.60663757284347e-05,0.999970426328543,3.50729572821157e-06,1.45148025752939e-06,0.999996178252226,2.37026751628028e-06,1,2.60663757284347e-05,1.45148025752939e-06
36,1364.86155677748,111.977867104517,6.09433628300652,0.979125848163935,9.85971565444695e-07,0.0208731658644992,0.897880844215867,1.34795079152679e-05,0.102105676276218,1,0.979125848163935,0.897880844215867
37,1367.12368186487,107.69690272249,6.34708913304421,0.779985832435143,2.04194715900398e-06,0.220012125617698,0.815222882806532,7.98650110968404e-06,0.184769130692358,1,0.779985832435143,0.815222882806532
38,1386.00948120649,47.1772733888658,14.6893767024441,0.527280101695801,2.63787187555945e-06,0.472717260432324,0.101523949450316,0.000532678240636936,0.897943372309047,1,0.527280101695801,0.101523949450316
39,1393.25647798315,52.4830871023995,13.2733853409268,0.888192030185696,4.82112071938531e-06,0.111803148693585,0.592509236083215,1.13510714952333e-06,0.407489628809635,1,0.888192030185696,0.592509236083215
40,1397.80455236436,43.253692308697,16.1582107532968,0.535997338854299,4.12868639500341e-07,0.464002248277061,0.623641482832832,2.65048505109019e-05,0.376332012316657,1,0.535997338854299,0.623641482832832
41,1501.54610277671,5.7981510591301,129.48490712503,0.837179344124941,8.27852393267358e-05,0.162737870635732,0.842626269861053,0.000102830353522986,0.157270899785424,1,0.837179344124941,0.842626269861053
42,1511.85663437643,43.309199160303,17.4542206238968,0.544855085375047,7.37783828424675e-05,0.45507113624211,0.532984967536701,5.46085548380871e-05,0.466960423908461,1,0.544855085375047,0.532984967536701
43,1521.58213656662,44.6365290329672,17.0441359300454,1.47892809939357e-05,0.999959295703838,2.59150151676503e-05,3.15382576780222e-05,0.99994444730926,2.4014433061949e-05,1,1.47892809939357e-05,3.15382576780222e-05
44,1560.74557282052,162.950920603918,4.78900507906366,0.475756891085698,8.96561534595336e-06,0.524234143298956,0.755094430099948,3.6960793244239e-06,0.244901873820727,1,0.475756891085698,0.755094430099948
45,1560.94298942551,170.237846548829,4.58459449843248,0.827939376418713,5.34982443239498e-06,0.172055273756855,0.834891261968505,1.4936499419347e-06,0.165107244381553,1,0.827939376418713,0.834891261968505
46,1576.29026168453,169.6980854787,4.64439612632628,0.838398090628782,8.12954549040132e-07,0.161601096416669,0.803063980690363,4.16485048600734e-06,0.196931854459151,1,0.838398090628782,0.803063980690363
47,1577.65034008101,165.57833255293,4.76406035667948,0.533987872739684,2.47991570554796e-07,0.466011879268745,0.764711825662071,5.47847380225731e-06,0.235282695864127,1,0.533987872739684,0.764711825662071
48,1603.20995484674,58.901562643889,13.6092310872933,0.485256556378409,4.50451964273108e-06,0.514738939101948,0.449569695901456,2.59150467191016e-06,0.550427712593872,1,0.485256556378409,0.449569695901456
49,1606.48067544368,59.5522454551081,13.4879941399917,0.462635888393606,1.00377171021524e-05,0.537354073889292,0.637130090165893,1.20227694970056e-05,0.36285788706461,1,0.462635888393606,0.637130090165893
50,1616.74580329339,67.9558097137319,11.8955672083376,0.451826559194201,2.87177188650985e-06,0.548170569033912,0.558105998211209,4.15791564049863e-06,0.441889843873151,1,0.451826559194201,0.558105998211209
51,1641.89445864724,46.993181160024,17.4694968303611,1.20922424186727e-05,0.999978939783723,8.96797385797733e-06,1.15978328061815e-05,0.99998164376652,6.75840067390049e-06,1,1.20922424186727e-05,1.15978328061815e-05
52,1646.92514185253,5.43376642598999,151.545448657417,0.0432535927193058,0.0411239655968738,0.91562244168382,0.526150981355221,0.0588928734306732,0.414956145214106,1,0.0432535927193058,0.526150981355221
53,1648.82073134999,5.39123549304648,152.916778860487,0.0822787347784934,0.184129647469132,0.733591617752375,0.42870762053445,0.258821326580068,0.312471052885482,1,0.0822787347784934,0.42870762053445
54,1652.97812214042,6.72425849788737,122.911553940093,0.215972199882854,0.287650550545772,0.496377249571374,0.603144913445022,0.12746527049391,0.269389816061067,1,0.215972199882854,0.603144913445022
55,1653.49184247774,7.16126570761371,115.446899332319,0.344376984129728,0.278928672647063,0.376694343223209,0.284563685842417,0.210774674061107,0.504661640096476,1,0.344376984129728,0.284563685842417
56,1668.86211116128,5.18381533624764,160.968514782135,4.94196587510614e-06,0.999953675296839,4.13827372861077e-05,0.000244600387281482,0.999744564250455,1.08353622634807e-05,1,4.94196587510614e-06,0.000244600387281482
57,1670.97922447264,4.33558477677973,192.70517248584,0.00299976812421229,0.985422687333616,0.0115775445421716,0.0146230180604994,0.983528745688126,0.00184823625137419,1,0.00299976812421229,0.0146230180604994
58,1671.98503510365,4.16868881372741,200.540878656838,0.359430850417515,0.0184108475442041,0.622158302038281,0.555839140820973,0.0168672430608642,0.427293616118162,1,0.359430850417515,0.555839140820973
59,1671.99272487419,5.00156680049641,167.146895319707,0.209607464742565,0.00253125423044436,0.787861281026991,0.779973748408492,0.00349584782604683,0.216530403765461,1,0.209607464742565,0.779973748408492
60,1682.49594462773,8.55952667465692,98.2820667881829,0.445368245007535,0.136093572924738,0.418538182067727,0.588509950558405,0.0169661795958371,0.394523869845758,1,0.445368245007535,0.588509950558405
61,1682.51581812103,8.40049983271088,100.143792133025,0.0219809922085809,0.267021603248233,0.710997404543186,0.712249599059956,0.18969166145975,0.0980587394802935,1,0.0219809922085809,0.712249599059956
62,1684.25282331003,9.36226414405571,89.9490121937754,0.2650255168717,0.578578436096585,0.156396047031715,0.0460298354805,0.541413908167779,0.412556256351721,1,0.2650255168717,0.0460298354805
63,1684.34640747449,9.31159664333963,90.4434798880201,0.113337344054012,0.384329181874854,0.502333474071134,0.453704518487441,0.1660144541952,0.380281027317359,1,0.113337344054012,0.453704518487441
64,1704.95058121442,3.64097873675211,234.133553706949,0.0170790314963264,0.980717536377863,0.00220343212581048,0.0127678904804984,0.980389370954515,0.0068427385649867,1,0.0170790314963264,0.0127678904804984
65,1710.90498787526,3.88441780599581,220.226694620026,0.0409142808392285,0.894118871736121,0.0649668474246503,0.0163742743024253,0.95520581928896,0.028419906408615,1,0.0409142808392285,0.0163742743024253
66,1714.4531371375,3.78279232752787,226.612114635689,0.00418221752990306,0.992997552532356,0.0028202299377405,0.00725638798591763,0.9845567326889,0.0081868793251823,1,0.00418221752990306,0.00725638798591763
67,1715.81408716761,4.76014373624234,180.227129918777,0.0015560459513625,0.997392927767809,0.00105102628082873,0.00435541465026421,0.993003826011607,0.00264075933812846,1,0.0015560459513625,0.00435541465026421
68,1721.29574071652,63.7520273795006,13.4999294255385,0.513679449428439,1.61289664826284e-05,0.486304421605078,0.475781304449961,9.50617538877831e-06,0.524209189374651,1,0.513679449428439,0.475781304449961
69,1747.1118331021,2.16630491290574,403.24698122912,0.0531439273079215,0.938379468152741,0.00847660453933778,0.0055052095891535,0.98905931306262,0.00543547734822636,1,0.0531439273079215,0.0055052095891535
70,1768.10407276969,6.23281688271237,141.838281634247,0.0564380637907003,0.881977077862025,0.0615848583472746,0.0948772747139076,0.862254431383701,0.0428682939023916,1,0.0564380637907003,0.0948772747139076
71,1776.65657892188,10.3385602992254,85.9237905230863,0.0107321987787627,0.987743347291087,0.00152445393015001,0.0184804605585852,0.97032567117296,0.0111938682684552,1,0.0107321987787627,0.0184804605585852
72,1777.04655425586,11.8598553711362,74.918559233898,0.0100629845995166,0.984929240715132,0.00500777468535164,0.00514699890479712,0.987999197975645,0.00685380311955776,1,0.0100629845995166,0.00514699890479712
73,1783.65614845315,43.190736515686,20.648596115111,4.17987045951806e-05,0.999951198569695,7.00272570925229e-06,5.53135917319777e-05,0.999770586398317,0.000174100009950978,1,4.17987045951806e-05,5.53135917319777e-05
74,1785.73528926008,19.1734963544437,46.5678052726729,0.217589883295479,0.778095713056251,0.00431440364826923,0.0193788466805843,0.760210037136743,0.220411116182673,1,0.217589883295479,0.0193788466805843
75,1795.23704938947,249.710759017323,3.59463295945715,0.759481703602045,1.02338305809976e-05,0.240508062567374,0.365519638659246,4.61273208736039e-06,0.634475748608666,1,0.759481703602045,0.365519638659246
76,1800.6608668428,20.083427723182,44.8295204300292,0.0282733805660774,0.696926233969899,0.274800385464024,0.0330043110938246,0.926133447873329,0.0408622410328459,1,0.0282733805660774,0.0330043110938246
77,1805.15283796396,241.184765449148,3.74226132111268,0.731224411819616,2.46460261310103e-06,0.268773123577771,0.72536608721068,1.91307489338895e-05,0.274614782040386,1,0.731224411819616,0.72536608721068
78,1812.73708978727,18.1696302700726,49.8837087723533,0.0297949540427455,0.964390468897645,0.00581457705960898,0.0194455239546943,0.978760176203839,0.00179429984146699,1,0.0297949540427455,0.0194455239546943
79,1814.64300914145,74.1211834888038,12.2410552808803,0.685176539531151,6.2340322012614e-06,0.314817226436648,0.681418207372975,3.4344854194043e-05,0.318547447772831,1,0.685176539531151,0.681418207372975
80,1817.22631702589,17.2683202129986,52.6173447854525,0.0134322565551432,0.986180386250701,0.000387357194156274,0.00143209324938085,0.991552417882224,0.00701548886839503,1,0.0134322565551432,0.00143209324938085
81,1817.81328389482,246.949817240575,3.68053174569458,0.716991745823859,6.95993412276209e-06,0.283001294242018,0.903039782652964,1.7896380240941e-05,0.0969423209667952,1,0.716991745823859,0.903039782652964
82,1822.87432777255,83.0116477287225,10.97962983297,0.68830454390092,1.25190166588044e-05,0.311682937082421,0.739772955455578,2.13001452803801e-05,0.260205744399142,1,0.68830454390092,0.739772955455578
83,1823.3673127148,241.111036711893,3.78117762168965,0.569192084549104,1.52887105356063e-05,0.43079262674036,0.692581181505106,2.86558828275675e-05,0.307390162612066,1,0.569192084549104,0.692581181505106
84,1837.81205261737,9.13127849972637,100.632789410182,0.0281492021592887,0.958859959939497,0.0129908379012147,0.0145559403344202,0.979293520925139,0.00615053874044043,1,0.0281492021592887,0.0145559403344202
85,1838.81735609415,98.4761229444213,9.33636145043989,0.430467540046783,1.30989647272907e-06,0.569531150056745,0.564302166000926,5.94976947322604e-05,0.435638336304342,1,0.430467540046783,0.564302166000926
86,1880.94633712861,8.33665300801439,112.811840394483,0.00162012718321253,0.99675595947587,0.00162391334091769,0.000980274119950227,0.998193628858345,0.000826097021705116,1,0.00162012718321253,0.000980274119950227
87,1894.74076972554,11.0401677551268,85.8112309410181,0.00215982854179102,0.996184233740023,0.00165593771818653,0.00105729928803934,0.997181253697229,0.00176144701473147,1,0.00215982854179102,0.00105729928803934
88,1918.46869805887,100.67233406198,9.52828160752559,0.582049760654015,2.179960695254e-05,0.417928439739033,0.431525864597428,1.88942102251371e-05,0.568455241192347,1,0.582049760654015,0.431525864597428
89,1922.39433134582,10.0044739584109,96.0767322368624,0.0109286564140809,0.953998175083325,0.0350731685025939,0.222477807040658,0.66592865165931,0.111593541300033,1,0.0109286564140809,0.222477807040658
90,1936.68267937961,26.0941495481522,37.1095190476662,0.000361331439705369,0.998397418378878,0.00124125018141705,1.54720242898295e-05,0.999722607778341,0.000261920197369122,1,0.000361331439705369,1.54720242898295e-05
91,1936.81382224208,16.8260282459549,57.5540999316847,0.272035552064127,0.207184279428145,0.520780168507727,0.515203879312756,0.444552030180145,0.0402440905070994,1,0.272035552064127,0.515203879312756
92,1955.27772506665,85.9858447524767,11.3697651671343,0.599333610349715,6.1775881557643e-06,0.400660212062129,0.519489165633877,7.31056029720701e-05,0.480437728763151,1,0.599333610349715,0.519489165633877
93,1957.76312719554,26.9828842000626,36.2778699393261,0.000891455748791429,0.996741714160882,0.00236683009032707,0.000320793630551635,0.998707297945375,0.000971908424073868,1,0.000891455748791429,0.000320793630551635
94,1958.50612871044,336.761451802802,2.90785379120126,0.80800858023534,2.36612054777016e-05,0.191967758559182,0.375504661533876,6.93097829747245e-06,0.624488407487827,1,0.80800858023534,0.375504661533876
95,1962.35673873679,35.1940887065883,27.8790673498734,0.00259929184096118,0.986102336263835,0.0112983718952041,0.00879542507581188,0.979728847816692,0.0114757271074965,1,0.00259929184096118,0.00879542507581188
96,1969.0813817431,337.113422927261,2.92050278604298,0.461876936149914,7.51550185724833e-06,0.538115548348229,0.796996386701477,3.91250573814596e-05,0.202964488241142,1,0.461876936149914,0.796996386701477
97,1978.31881386931,39.3211752570011,25.1558962942884,0.561567773441601,0.426380501700047,0.0120517248583512,0.470646560212747,0.441316821013888,0.0880366187733649,1,0.561567773441601,0.470646560212747
98,1982.3931272705,35.5413710432623,27.8885291855716,0.222449788274422,0.253309104038465,0.524241107687113,0.440280326934363,0.376920288410955,0.182799384654682,1,0.222449788274422,0.440280326934363
99,1984.31751360059,333.429623694421,2.97561670078115,0.712837841255167,2.21002531875984e-05,0.287140058491645,0.0639280497288397,4.69400775287608e-05,0.936025010193631,1,0.712837841255167,0.0639280497288397
100,1985.23888903273,33.0717863149974,30.0140861779285,0.00605090639428034,0.94500984816446,0.0489392454412594,0.0813425089734912,0.892153965336925,0.0265035256895831,1,0.00605090639428034,0.0813425089734912
101,1990.77175940996,333.44145796701,2.98518932160937,0.589148456509885,2.51351991360682e-05,0.410826408290979,0.701539181185265,7.60017461571815e-05,0.298384817068578,1,0.589148456509885,0.701539181185265
102,2002.21232680277,102.373705392573,9.77893844481297,0.632622930311203,4.48969324650552e-05,0.367332172756332,0.483738014171213,3.72906394438475e-05,0.516224695189343,1,0.632622930311203,0.483738014171213
103,2018.26937561621,98.2943747007338,10.2664541168353,0.532806816314844,3.05306873703662e-05,0.467162652997786,0.424305897527896,9.71023825054756e-05,0.575597000089598,1,0.532806816314844,0.424305897527896
104,2036.79200303436,14.1067618184872,72.1920462414382,0.00976156490925236,0.912842863000888,0.0773955720898592,0.0731197694799155,0.90470682474923,0.0221734057708544,1,0.00976156490925236,0.0731197694799155
105,2071.65047316662,39.646464103474,26.1265477264225,8.54886540132497e-05,0.999885100359307,2.94109866797487e-05,1.33512126417041e-05,0.999862412974578,0.000124235812780253,1,8.54886540132497e-05,1.33512126417041e-05
106,2093.81168576657,89.0133948491338,11.7612168894092,0.560663701919832,0.000100714850329142,0.439235583229839,0.461027186575064,4.03538936770343e-05,0.538932459531259,1,0.560663701919832,0.461027186575064
107,2094.23131426105,9.88626962230261,105.916154134449,0.00864996442612169,0.979859872450362,0.0114901631235167,0.0129342961259591,0.985849017012647,0.00121668686139356,1,0.00864996442612169,0.0129342961259591
