comsol_index,frequency_real_Hz,frequency_imag_Hz,Q,Eoz1,Eoz0,Eoz_1,Eof1,Eof0,Eof_1,Forward,Backward
1,1238.54643052215,124.29194224482,4.98240838526186,2.51234980783015e-05,1.34374118154099e-12,2.51122663676246e-05,2.48731105142316e-05,3.85990637107609e-12,2.48701693702731e-05,0.500111776607356,0.500029524428536
2,1245.52334629688,124.18981111741,5.01459554165578,2.70492139422398e-05,1.91007899524315e-06,2.70821647922822e-05,2.06031147592036e-05,2.00514654888371e-06,2.05926115526039e-05,0.482664353105741,0.476914316653785
3,1258.2216515788,137.900502172882,4.56206334187748,5.06991457284323e-06,8.05704359937306e-05,5.07178733351024e-06,1.5991749204187e-06,8.48363848881711e-05,1.60137161098951e-06,0.0558901453565955,0.0181648189530496
4,1319.23669713957,122.076298404301,5.40332855101171,2.61257206940108e-05,4.07026402204292e-13,2.59178837647369e-05,2.60682477794462e-05,4.00900904161147e-12,2.62756265486805e-05,0.501996753710504,0.498019035034932
5,1319.3022474289,120.865759704282,5.45771710142221,2.39787110276718e-05,2.27920405369178e-08,2.38075574001798e-05,2.70623482015223e-05,6.6555335082567e-08,2.72603897202429e-05,0.501551605339047,0.497567564883096
6,1390.59973290855,129.839115518904,5.35508782292221,2.90919497311755e-07,0.000103760590452577,2.88523397603038e-07,2.26647411053664e-07,0.000100554985191612,2.28219338859597e-07,0.00278818673886066,0.00224381490218271
7,1408.28677957762,118.472807197112,5.94350219639245,2.68920597780014e-05,2.01295827996401e-12,2.68864642632558e-05,2.6890109496953e-05,2.43377782480238e-12,2.68946754208219e-05,0.500052004974827,0.499957531135925
8,1414.22200447403,116.628346339711,6.06294288163329,2.54839123004303e-05,5.13771058510209e-07,2.54988144281157e-05,2.49443928182088e-05,1.28212471936878e-07,2.49328294170975e-05,0.494866901547541,0.498833636068674
9,1504.03238823443,114.384484738556,6.57445977779305,2.92650468017693e-05,6.32437888728231e-12,3.02413222985148e-05,3.01893251842943e-05,1.06191897442134e-11,2.92029045752609e-05,0.491796830052601,0.50830419919802
10,1504.29622384693,114.567569368849,6.56510490767184,2.90699325902379e-05,3.89943361807153e-08,3.00755666696262e-05,2.90794606666879e-05,1.0606452328703e-08,2.8119184307196e-05,0.491174813265288,0.508299967955254
11,1527.12882519542,119.767052294721,6.37541292006369,1.25656300546087e-07,9.83445052379534e-05,1.26164968768398e-07,7.10868784676814e-08,0.000101796450354089,7.27758712475797e-08,0.00127445215250311,0.000697338239439141
12,1606.42688562248,109.615485539056,7.32755448613196,3.26513661377606e-05,4.02319017337829e-13,3.24992573082915e-05,3.26374388539161e-05,8.50947154574484e-13,3.28094469590751e-05,0.501167359713271,0.498685888933194
13,1609.9906562647,108.059878579242,7.4495301930405,2.91339103487631e-05,2.43065064877607e-09,2.90018462674016e-05,3.09436420539081e-05,1.97188085153292e-07,3.10624748236079e-05,0.501114873345791,0.497459774403926
14,1656.91598666034,0.237339268663356,3490.60649759253,6.30174572838672e-08,3.00622304713928e-13,6.3384715417244e-08,7.02835370602732e-08,1.10282159336285e-13,7.06873832862644e-08,0.49854607767547,0.498567235742163
15,1664.01070650559,112.035063765927,7.42629428043249,1.89741644748375e-08,9.28645850833169e-05,1.9547069353641e-08,1.24813714138042e-07,9.06255445062448e-05,1.27028903683163e-07,0.000204236060848869,0.0013734298276825
16,1668.82841165628,0.304283140046213,2742.22950933598,1.65307517485066e-08,1.12739536127719e-08,1.7656813599312e-08,1.93102543624193e-08,1.03011002471539e-08,1.82900673658461e-08,0.363620752813752,0.403124866988884
17,1668.89927281397,0.707542050417104,1179.36401930467,1.08534811196036e-08,9.30601297313456e-12,1.27916780476382e-08,1.40783193174642e-08,1.11604235919278e-11,1.19818765650654e-08,0.458834348479866,0.539991826745072
18,1668.90270021127,0.639926085914018,1303.98083227655,4.99153306008487e-10,8.61190513293298e-10,2.43235316701402e-09,2.73740947767317e-09,7.84389199748466e-10,5.86293843249926e-10,0.131609065477535,0.666345624860873
19,1668.90474515994,0.574902314891043,1451.46810330398,5.7808664127688e-09,1.78084788420971e-11,7.42940698219953e-09,8.05055937322006e-09,1.23753973791379e-11,6.29765526687622e-09,0.437014713691335,0.560600877276721
20,1670.87460416957,3.38506414493191,246.801025420919,2.85433562289929e-08,1.92048687445422e-08,2.90597742185041e-08,3.26488508388039e-08,1.74588889673192e-08,3.28407926828394e-08,0.371619577768552,0.393603718584754
21,1671.60381834227,5.75916009117136,145.125659981635,3.086846464355e-09,2.37399674610859e-09,3.83430904545077e-09,4.5903572005916e-09,2.19122667040419e-09,3.79283002886575e-09,0.332092081911933,0.434100390249687
22,1671.86242971785,6.02140032532576,138.826713006115,1.64970861714819e-08,1.80535832231655e-13,1.68107100352523e-08,1.9782385578888e-08,9.01043431062324e-13,1.92028071425419e-08,0.495289350625708,0.507421587251152
23,1671.98267662231,4.97592214381436,168.007318874631,1.95646368800836e-08,1.8699351623746e-13,1.98738374752385e-08,2.27400537243933e-08,3.74925378024843e-13,2.23712946716357e-08,0.496077610419703,0.504083019892134
24,1675.23810675505,10.9691892954476,76.3610719823346,3.13430381826835e-08,2.17687820933645e-08,3.1680139451237e-08,3.82156875816696e-08,1.93659972579503e-08,3.94442280549248e-08,0.36964634717126,0.39387094067546
25,1677.03261536071,16.0114300750923,52.3698572674511,4.81583086415948e-09,3.67557085305777e-09,5.23818980923506e-09,7.12052976427151e-09,3.40479631869265e-09,6.56322808907151e-09,0.350762865368645,0.416684155522286
26,1677.36598726932,16.0542652453041,52.2405093487526,4.66562469115687e-09,1.16446192119357e-12,4.62533844594053e-09,6.31707919181989e-09,1.76224236741915e-14,6.18221558739657e-09,0.502105103641672,0.505394135999911
27,1678.17821138784,10.9166123056512,76.8635069379123,2.29186273576712e-08,5.10505172869234e-13,2.27608706681902e-08,2.79350522286975e-08,4.535065434377e-13,2.79304271440158e-08,0.501721170697695,0.500037335616925
28,1682.25871452866,23.286273082574,36.1212528205632,2.10204652283493e-08,1.6028919061714e-08,2.1161985116914e-08,2.91464083714458e-08,1.31974086777942e-08,3.02460045910865e-08,0.361105836239437,0.401521972541311
29,1683.06984144479,21.7804140515913,38.6372324570622,9.26490713470909e-09,1.98868686941912e-12,8.87583649292035e-09,1.25979458624553e-08,2.55880589866302e-13,1.27629579165576e-08,0.510667686327764,0.496741711796496
30,1685.40740653034,31.2869217498403,26.9346952699004,5.40249144154832e-09,4.72900703056718e-09,5.59881040053869e-09,9.37613148675077e-09,4.13365141801435e-09,8.87764013565778e-09,0.343444714613334,0.418812449732207
31,1685.7160524647,31.1713961834092,27.0394698162721,1.72038256884256e-09,6.01772192131279e-12,1.43383656100325e-09,2.5042550804447e-09,4.40777952192981e-12,2.98886983645972e-09,0.544384060289837,0.455523453652687
32,1691.83914239452,39.4675740764821,21.4332801291004,2.32536214631178e-09,2.87078629642696e-12,2.24554894074628e-09,4.27104956632236e-09,7.22065226279927e-13,4.02220815651517e-09,0.508411247125418,0.514957797759405
33,1692.06346886954,40.4572114052231,20.9117659138896,1.1413721315382e-08,1.06273796026439e-08,1.14060293430205e-08,1.93387739964695e-08,7.08249570221024e-09,1.95282962332479e-08,0.341246654834086,0.420869568716255
34,1696.45800580698,51.4543029113664,16.4850936638792,4.33506663615146e-09,5.00785595016485e-09,4.46481477752301e-09,1.01374057938569e-08,3.537592506845e-09,9.2914937386599e-09,0.313959233284987,0.441399834876072
35,1696.70350865522,51.1986627614964,16.5698029708231,6.96207917455545e-10,1.9960531570677e-11,3.84742501674517e-10,1.06437444125115e-09,1.32884447118711e-11,1.80517501969644e-09,0.632392580900756,0.369210644539402
36,1703.89519226423,60.2005535206131,14.1518233024286,6.4492303591266e-10,1.07083073354872e-11,8.46457857712921e-10,2.20643407354575e-09,7.17699602444541e-12,1.4157337111631e-09,0.429350690691355,0.60794281250401
37,1704.56224746431,60.5565024897901,14.0741470971817,6.93919263048971e-09,7.55791932620232e-09,6.66598236332543e-09,1.34245380611578e-08,3.16550916392266e-09,1.32018207738e-08,0.327891211254782,0.450610819760019
38,1711.31713327294,89.4274304531116,9.56818911491709,3.73017292778751e-10,5.23699914538673e-11,6.91987747858315e-10,1.89027028462743e-09,1.74127253129326e-11,9.41805861541255e-10,0.333833567124484,0.663371702744909
39,1711.53061649505,89.3772021308924,9.57476054122013,6.45959528414233e-09,3.40213065772855e-09,5.95059864443763e-09,1.26877065264277e-08,5.89333610202918e-10,1.29121060536997e-08,0.408516486547179,0.484464305717319
40,1713.29469971454,84.668328783489,10.1176834616384,7.90358082474491e-09,3.98976443446988e-09,8.08636280409664e-09,1.48258655910875e-08,1.3133282168686e-09,1.278772900226e-08,0.395580395854642,0.512528266084751
41,1713.6680285759,85.1126780977825,10.0670550314909,2.13114390134987e-10,4.82476874579302e-11,9.0397582599748e-10,1.90530177964183e-09,6.81970705405221e-12,5.92666382981843e-10,0.182877764018817,0.760663927954495
42,1714.20191700681,105.242348814859,8.14406907632975,3.64632050613167e-05,5.77851875400168e-13,3.59383448175086e-05,3.56242744439657e-05,3.22987936994671e-12,3.61520597059816e-05,0.503624643827692,0.496323380997401
43,1715.30858420842,105.413784503928,8.13607343802602,3.58859917658944e-05,3.43034314038776e-08,3.53828699287311e-05,3.29883347340083e-05,1.63786136938974e-08,3.34419290932426e-05,0.50328750066656,0.496463531070468
44,1716.83335858735,138.038059874239,6.21869562695782,1.52660423310263e-10,5.69941382011181e-11,1.24701283943801e-10,2.63531296262193e-11,7.18764919933206e-12,1.412594356615e-11,0.456580692054107,0.552862212964056
45,1716.86166439004,138.021798574839,6.21953083541044,5.32068509004737e-10,3.33571971615034e-10,5.03049810824241e-10,1.46755963070734e-10,3.90212392006489e-11,9.05145466936491e-11,0.388742809334453,0.531163031905479
46,1716.9865095912,138.121253794808,6.21550435728722,1.46432774138065e-10,6.9877100618301e-11,1.92438223794768e-10,4.28740659286888e-11,1.59653835793918e-11,8.64592525529439e-11,0.358246985507986,0.295075353878123
47,1717.01111002861,138.099130104158,6.21658915857613,7.62299122678532e-10,4.28555518706974e-10,7.86148997535386e-10,2.73716383594008e-10,5.12570291258973e-11,4.08273647584902e-10,0.385583065034022,0.373293530123701
48,1721.45516704182,201.116183270501,4.2797529742459,3.68146408423873e-12,3.38934244725097e-12,3.24916931181478e-12,3.85490402825233e-13,3.6498616498652e-12,1.28573473280362e-11,0.356731850940062,0.0228199409778789
49,1721.46040024709,201.111442747734,4.27986686567212,2.09284916502026e-11,1.15492369936338e-11,1.03620517088024e-11,3.98568410333505e-12,1.84268129894824e-12,1.36459395355262e-12,0.488529387357455,0.554109081695466
50,1721.46858861476,201.108673772219,4.27994615131454,1.34724315148076e-12,6.41969833409276e-13,1.02217504027809e-12,1.56647682933681e-11,1.38413932432555e-12,3.96818160286554e-11,0.447382781700989,0.276124951111499
51,1721.47202706524,201.102095402381,4.2800947041869,1.81460062699228e-11,5.56832490725353e-12,2.25684026106197e-12,4.43560540718692e-12,3.47018270832732e-12,1.64140961123737e-12,0.698698028045273,0.464597626878323
52,1724.19709626787,76.839612426426,11.2194546655138,7.0986522464344e-10,1.67724273971889e-11,1.22040425368087e-09,1.37340798941729e-09,1.07293875419141e-12,9.01091941445859e-10,0.364586515861552,0.603543840654173
53,1725.07841265377,78.1084688502828,11.0428384914341,1.36326850450065e-08,5.78767364186461e-09,1.36072270218983e-08,1.21232538608248e-08,1.7740929188151e-09,1.09029004472366e-08,0.412766623791905,0.488836008363925
54,1766.68672753308,80.6989678034914,10.9461544281155,1.88325895138609e-09,3.40627313357458e-12,1.42013352303182e-09,3.91441435756284e-10,6.10711836586448e-12,5.26394318376949e-10,0.569511208621494,0.42366411106945
55,1767.14484244587,80.2794907045042,11.00620362024,1.82324039595216e-08,9.30981893647872e-09,1.73867917870684e-08,3.98926224180009e-09,1.97718366150952e-09,3.4522659500147e-09,0.405804669613473,0.423546478958489
56,1801.46606646263,104.712709983924,8.60194558396591,7.54162340274151e-08,7.79022796797256e-05,7.38583001793857e-08,5.43274639464913e-08,7.87550722314138e-05,5.57790609026452e-08,0.00096623616002195,0.000688865032746496
57,1817.15915518322,84.3176518003741,10.7756745852305,1.26497899183437e-08,1.82361287752508e-12,1.15311705394835e-08,9.74086287712351e-09,1.22865272510207e-12,1.12192907781001e-08,0.523090719470459,0.464705177073638
58,1818.21917547836,84.4354258700897,10.7669213291814,1.42841752817029e-07,3.78789134115774e-09,1.39340498985495e-07,1.20746633653005e-07,2.34514997161594e-08,1.26325190457831e-07,0.499498833153572,0.4463446328577
59,1826.73176916116,100.451800858711,9.0925784980725,3.64477363689039e-05,1.62571410305504e-12,3.60549843440713e-05,3.63797689845133e-05,4.75531137487767e-12,3.68029985706567e-05,0.502708521738562,0.497108374497899
60,1828.27845635112,99.3931368585087,9.19720673950441,3.16954202246568e-05,1.81341891364275e-08,3.13423111676953e-05,3.32377903343812e-05,1.04070493301842e-07,3.35831848593568e-05,0.502656175319584,0.496642026810267
