comsol_index,frequency_real_Hz,frequency_imag_Hz,Q,Eoz1,Eoz0,Eoz_1,Eof1,Eof0,Eof_1,Eoz1_fraction,Eoz0_fraction,Eoz_1_fraction,Eof1_fraction,Eof0_fraction,Eof_1_fraction,po9_real,po9_imag,po10_real,po10_imag,po11_real,po11_imag,po12_real,po12_imag,po13_real,po13_imag,po14_real,po14_imag,po15_real,po15_imag,po16_real,po16_imag
1,1256.43837528062,123.027638348519,5.10632566855146,2.23830789423411e-05,4.8878149515092e-14,2.62409442476136e-05,2.63914050982294e-05,8.85146324082932e-14,2.21423936842431e-05,0.46032963649263,1.00522635231171e-09,0.539670362502144,0.54377373525578,1.82377300906495e-09,0.456226262920447,-1.03260216680101,0.194581765103291,-2.12117962720171,0.630309054881155,1.03261736624795,-0.194670327579673,2.12116765361065,-0.630364890310829,1.30088483621658,-0.266355117472292,1.96514154757911,-0.603962427247993,-1.30080685384364,0.266450530373518,-1.96512278985592,0.604035594711954
2,1308.98491253689,134.12501806633,4.8797194267275,2.39980204899413e-05,4.47019512514279e-12,2.69212847499228e-05,2.70996006742951e-05,2.79114241237147e-12,2.34765636549896e-05,0.471295086806733,8.77897825126976e-08,0.528704825403484,0.535817603769146,5.51869105803425e-08,0.464182341043943,1.74605452939904,1.32109779875943,-0.796624023440053,-0.699510830746871,-1.74676418384038,-1.32079600593298,0.796044688832216,0.699707139716033,1.63588980320946,1.1979479927397,-1.00783776528725,-0.867194410429628,-1.63530137125393,-1.19813437118944,1.00828843099946,0.867045216422082
3,1310.22044607279,131.524851013598,4.98088549797076,2.30130857160126e-05,3.43031184890521e-12,2.73188249532834e-05,2.68505734641504e-05,6.73213340558776e-13,2.39171754422266e-05,0.457226515774251,6.81538127502275e-08,0.542773416071937,0.52889036221816,1.32606496473387e-08,0.47110962452119,2.21688438838686,0.351629923701836,-0.8621966243752,-0.249165025352158,-2.21730161482676,-0.351084732827895,0.861846041771662,0.249555373470764,-1.88234698494592,-0.299593293234396,1.46859197122354,0.324189536831954,1.88256370115488,0.299671332044164,-1.46827538641028,-0.324212292794895
4,1319.37427972494,117.864168048509,5.59701180422339,2.32747450395422e-05,9.69893481358484e-13,2.69130411477263e-05,2.5953031367811e-05,5.10525779609704e-13,2.41141747239969e-05,0.463753163028643,1.93252888062445e-08,0.536246817646068,0.518363877856156,1.01968097334575e-08,0.481636111947034,-0.014453053149619,-0.876614292559715,-0.275427411177142,-2.22178155842632,0.0141483322625753,0.876700466973782,0.275105091480566,2.22183719697024,-0.125891123404122,-1.46469422612832,-0.23431532239825,-1.88435970067074,0.126133705703444,1.46467982536733,0.23453766234269,1.8844114169283
5,1331.93625294502,94.6806025386571,7.03383912455146,1.59051156335577e-11,7.21134510400861e-05,1.74672921190527e-11,1.90634369935933e-12,7.21216246958189e-05,2.24751175474528e-12,2.20556748340982e-07,0.999999537223752,2.42219499742082e-07,2.64323439412716e-08,0.999999942404858,3.11627980481396e-08,-1.37196964938625,-0.172404062179531,-1.37408419755278,-0.170476759936404,-1.37464514316722,-0.170779988283358,-1.37203828644331,-0.171585598419015,1.37326899149648,0.17196869009712,1.37283909069194,0.17228208158432,1.373310936435,0.171742007746939,1.37340980683513,0.171051444371418
6,1403.14659536679,130.385501787558,5.38076157291239,1.11172967024047e-12,9.77673695845412e-05,6.95449261143031e-13,6.41735069983163e-13,9.77320138976672e-05,2.75329424753112e-13,1.1371172758508e-08,0.999999981515521,7.11330632340115e-09,6.56627279402441e-09,0.99999999061654,2.81718764598323e-09,0.177468121635089,1.60421144733753,0.178462949866281,1.6042596720969,0.178290875610132,1.60438761556923,0.178207275062519,1.60431358919219,0.178950528361268,1.60392812348841,0.17873058647698,1.60384703140218,0.178346194185941,1.6039842441143,0.17883559134848,1.60396749126404
7,1425.23785969866,113.080690056145,6.3018622321416,2.5811473261988e-05,2.80773581602184e-13,2.66819681192934e-05,2.79982374118248e-05,1.06072519993199e-13,2.45060311067474e-05,0.491708534337651,5.34873638900956e-09,0.508291460313613,0.533256402674332,2.02026469031529e-09,0.466743595305404,-1.01602133157392,0.410419325973961,-1.91790233921144,0.820067763257123,1.01586321498498,-0.410389459834163,1.91772937653521,-0.819998484780154,1.26234484566696,-0.463977087351621,1.76410499470173,-0.794678016657729,-1.26227883277558,0.463875559591839,-1.76412363026185,0.794572470966345
8,1479.18182971742,4.27605472084719,172.961050113077,3.47833350818311e-06,8.14033020669006e-12,3.64803080046229e-08,3.46428199920034e-06,4.49092103981812e-12,2.33834455024778e-08,0.989618692273398,2.31600072703384e-06,0.0103789917258748,0.993294108429061,1.28765655085272e-06,0.00670460391438823,0.181401657754648,0.338894498750074,-0.425038161268456,0.17652626387808,-0.182064677880424,-0.338224524750693,0.424397170731029,-0.175876814637106,0.451758555435614,-0.010413377171487,0.0200908596829814,-0.389872247686085,-0.451712918337687,0.00970948133164173,-0.0200847250068022,0.389199243077861
9,1504.90641280208,114.668690543904,6.56197609680513,2.34458036135514e-05,2.68863425254833e-13,3.5146249753791e-05,2.36353116273948e-05,3.24836256172345e-14,3.45260959795873e-05,0.400153299953008,4.5887353074222e-09,0.599846695458257,0.406374477280652,5.58508243448918e-10,0.59362552216084,-0.464507048844815,-0.565835800551706,-2.00214202872976,-1.16858349450634,0.464625774788006,0.565988289285507,2.00222715465717,1.16870075617876,-1.58793432770046,-0.799332196250398,-1.30447407803342,-1.00258360301973,1.5878625169137,0.799264507212223,1.30448039667029,1.00255370705581
10,1505.81253190047,119.410874468494,6.30517337136564,2.36612859844816e-05,3.56277987818777e-12,3.54711098163236e-05,2.50646735984496e-05,2.13571987644086e-13,3.32242348651157e-05,0.40014080671742,6.0250893191082e-08,0.599859133031687,0.430007597796744,3.66402446865257e-09,0.569992398539232,2.28065052848544,-0.479906484539093,-0.720984703422539,-0.109059127222282,-2.28027683505956,0.480503332769421,0.721323251239529,0.109466437879061,-1.63505133618589,0.151217060137627,1.73550393908193,-0.412283868125266,1.63496775860454,-0.151267098807434,-1.73554060964054,0.412057510569698
11,1510.22146268127,122.685649533979,6.15484153369949,3.03360054407988e-05,6.01772159297076e-13,2.93594336208206e-05,3.11118810486108e-05,2.96577085220444e-13,2.9106244093496e-05,0.508179613247785,1.00807057070076e-08,0.491820376671509,0.516653097750277,4.92504678715761e-09,0.483346897324676,1.28501520015465,1.70793286149662,-0.739482834137768,-0.944353380181393,-1.28521411058091,-1.70765247794133,0.73942906321868,0.944511434576638,1.24768775650759,1.59183999737258,-0.825711688283392,-1.13447244193209,-1.24758869134078,-1.59203076227444,0.825612216422525,1.13430795473774
12,1548.16512362716,103.698075787909,7.46477266749669,9.27419062827546e-13,8.65827595265392e-05,2.5331654352512e-12,2.04093644470262e-12,8.66815649766345e-05,3.75912691576748e-13,1.07113590607575e-08,0.999999960031485,2.92571563652678e-08,2.35452185057748e-08,0.999999972118073,4.33670851693675e-09,-1.49759915471613,0.228593506101472,-1.49999008001553,0.22527373506301,-1.49794224926869,0.22960003764716,-1.4995843198435,0.225007353609006,1.49901934689809,-0.226248355463103,1.5006544864432,-0.225677330695524,1.49944258209021,-0.22693136633674,1.50010873706043,-0.225573290509855
13,1618.27619685483,103.977750787484,7.78183882897394,3.05165425071075e-05,6.72602745135911e-16,3.14108739262425e-05,3.17579920208113e-05,2.61523295830537e-13,3.01895591697902e-05,0.492779196426187,1.08611465464977e-11,0.507220803562952,0.512659359028176,4.22168898850911e-09,0.487340636750135,-1.064999273317,0.620704683353586,-1.79762633044847,1.08794424553332,1.06501381623778,-0.620722462143434,1.79762565646164,-1.0879361190335,1.20141268727674,-0.690840988546277,1.70965458512535,-1.0456457923592,-1.20130151664521,0.690676564409872,-1.70964156117899,1.04550104004503
14,1662.80230949227,0.990594723316899,839.294956026294,6.62553476077556e-15,5.29143114198526e-07,3.78880516139146e-13,2.11485227595934e-13,5.19166110593846e-07,4.41491892028746e-14,1.25212437920425e-08,0.999999271452732,7.16026023849253e-07,4.07355409273469e-07,0.999999507605975,8.50386158942034e-08,0.140964253268938,0.0193211085581346,0.0913490180629754,-0.0634590723526275,0.140827572583935,0.0195094348610192,0.0915821810059833,-0.0632678320631951,0.175592785159111,0.0428683339478129,0.0486884061741065,-0.110382295498302,0.175628075159174,0.0426588803234818,0.0485705682702846,-0.110575185897526
15,1665.99268954057,0.497018554751826,1675.98641299463,3.29389726086446e-13,2.5885120216947e-07,4.79515334383523e-13,3.86259119267183e-13,2.50160227557994e-07,9.34780862882746e-14,1.27250209383772e-06,0.999996875028874,1.85246903198854e-06,1.54404392058015e-06,0.999998082283942,3.73672137798869e-07,-0.0803424003735099,-0.0403225345257026,-0.0514317422147829,-0.0591644640502762,-0.0806916520339312,-0.0403291940187017,-0.0518521949610487,-0.0590916826921635,-0.000769096055280912,0.036968463252854,0.134850367003466,0.0546689515530259,-0.000810312420659459,0.0373077133001622,0.134986834082557,0.054880940066252
16,1667.07548297936,0.1114468280868,7479.24149838055,1.61492382108201e-08,8.27097236198198e-13,3.17716581658397e-08,3.37244576162288e-08,9.64243606348253e-13,3.16058862345486e-08,0.336992016149355,1.72593382758601e-05,0.662990724512369,0.516206679460746,1.4759288226025e-05,0.483778561251028,-0.0313135344545938,0.0413020749420955,-0.0130168976319274,0.0405419003254699,0.0310771876988406,-0.0414665864483169,0.0127603607065658,-0.0407040657212401,-0.0452046162787522,0.0585482292033763,-0.0146142250253014,0.0219336275453135,0.0447202073599014,-0.0584468003884853,0.0153175003832947,-0.0214352833241711
17,1667.45530344692,0.987196591211235,844.540650915866,5.67884223489643e-08,2.5950037258899e-13,4.34054584311973e-07,4.56884947316189e-07,5.40853520948727e-13,6.35000382355155e-08,0.115695632932044,5.28682759811374e-07,0.884303838385196,0.877973971475163,1.03933236707195e-06,0.12202498919247,0.0359719710323394,0.124295062978054,0.160111990293868,0.0610923213612284,-0.0354696305355289,-0.124161361444953,-0.160303695487401,-0.0611110945958425,-0.0482122600304314,-0.13143878345819,-0.161767560543868,-0.0568054520809513,0.0485203142049895,0.131424789986603,0.161094270712335,0.0565108249044592
18,1668.65277324633,0.719680522993558,1159.30105090622,3.30311322132982e-14,1.15678750013005e-09,4.87656527691334e-14,8.52526395678954e-14,9.80737747805284e-10,2.19442928643632e-14,2.85521729216783e-05,0.999929294704942,4.21531221367657e-05,8.69175500422163e-05,0.999890709603992,2.23728459652012e-05,-0.789258813159662,-0.338576352804339,0.800007919865125,0.341088560387875,-0.789363304310875,-0.338547522221779,0.800145325059914,0.341078927451832,-0.232006950224954,-0.124121534635149,0.241286799709996,0.128440571234436,-0.231969868188783,-0.124307425027034,0.241229194017887,0.128408726939965
19,1668.65393137292,0.721486343704357,1156.40021875223,7.87636500600546e-14,1.78000792813369e-09,1.28375582911614e-13,3.23073826425438e-13,1.96719894319265e-09,2.68534558795127e-14,4.42438958662246e-05,0.999883643703073,7.21124010603454e-05,0.000164201169929492,0.999822150652746,1.36481773248308e-05,0.714213510032094,0.194888920137584,-0.725887043345117,-0.187584911152874,0.714349075678438,0.195040242576278,-0.725729089319363,-0.187477325205571,-0.208358035223277,-0.165380546240238,0.221598358073274,0.159591843096942,-0.208391225916107,-0.165672341554042,0.221399245953586,0.159517414347486
20,1668.65507230657,0.675065919695458,1235.92009581772,3.40673844912345e-15,5.54267747994708e-09,1.34840858461078e-14,6.4431379463698e-14,5.23991229765608e-09,2.38349679864679e-14,6.14635810895223e-07,0.999996952596848,2.43276734095502e-06,1.22960634596708e-05,0.999983155279017,4.54865752309331e-06,-1.44230011581355,0.495451155760515,1.41833597766949,-0.498808604139612,-1.44234082567965,0.495514837453913,1.41835592902163,-0.498793326008134,1.64051009064979,-0.534203137346854,-1.61703613540458,0.536989962415531,1.64039794337464,-0.534316397980819,-1.61712211328556,0.536971112373601
21,1668.65815444543,0.646456493279185,1290.61906856335,8.81597060740018e-14,9.6709276082983e-09,2.92487321807019e-13,4.31716071353302e-13,7.95556670195642e-09,7.45572993085458e-14,9.11559261131507e-06,0.999960641619745,3.02427876441576e-05,5.4262457457607e-05,0.999936366424462,9.37111808045988e-06,-1.4877533704357,-0.194825688964875,1.50595381558494,0.168580826352402,-1.48784429711433,-0.19501050649646,1.50567338325238,0.168432833302351,-1.68996504568468,-0.258920953123643,1.70642400159501,0.234925169370973,-1.68989387963212,-0.258608385300854,1.70667437625156,0.235082342592003
22,1671.34564679514,6.36537299629035,131.284187727033,1.01874970555044e-13,3.40625194383606e-08,9.15918900253308e-14,2.20505067301664e-14,3.49617850140463e-08,6.46934622190863e-15,2.99080612981442e-06,0.999994320274456,2.68891941402857e-06,6.30702600961648e-07,0.999999184257049,1.85040350256313e-07,1.59765609570713,0.585902258240015,-1.58011345501768,-0.528558899937769,1.5979190598783,0.585901676180359,-1.58017170697618,-0.52855143390931,-0.875330096757284,-0.431574829652138,0.85690672407104,0.373613404355539,-0.875365509900459,-0.431595272665967,0.856925194225454,0.37370661959529
23,1671.36918332475,6.33107358450178,131.997295641627,1.25292784456462e-13,5.62484998496793e-08,6.32974867689837e-14,4.52111075355131e-15,5.77718259914538e-08,4.04141500979045e-14,2.22747921651935e-06,0.999996647205891,1.12531489221403e-06,7.82579944361932e-08,0.999999222194813,6.9954719225159e-07,-1.61165324557927,-0.384723803318329,1.68264943788578,0.354412108536627,-1.61190423129051,-0.384672481032376,1.68269470990103,0.354356506122798,-0.867350445377919,-0.335657891551491,0.938889886708603,0.304368414699985,-0.867295862980817,-0.335758686066325,0.938933705106277,0.304410879377423
24,1671.39594749049,6.00115811217681,139.256116590154,1.65053765534154e-14,6.17802579252352e-09,2.84067249764383e-15,5.63235504777434e-14,3.8488810570199e-09,1.32245856869934e-14,2.67161799294153e-06,0.999996868580819,4.59801188552042e-07,1.46334822801551e-05,0.999981930623877,3.43589384318878e-06,-1.75574861090785,0.492831590369212,1.74656176637453,-0.469027284386778,-1.75574988006844,0.492865327555463,1.74648517340332,-0.469011369250375,2.23860812727416,-0.457335243573887,-2.24124770265943,0.437313158315638,2.23845728179857,-0.45731510490502,-2.24125127830792,0.437367242987263
25,1671.5419820552,5.65021207085068,147.918517136609,2.59536076262321e-14,2.85100056571102e-08,2.41365560709151e-14,6.51511015205602e-14,1.17310293298589e-08,1.98912169461508e-15,9.10331703883593e-07,0.9999982430703,8.46597996330575e-07,5.55370946669098e-06,0.999994276730791,1.6955974232144e-07,-1.76005022523602,0.159382495094624,1.7190263104845,-0.195850365747663,-1.76010806648313,0.159446764664767,1.71895225753568,-0.195773976574302,-2.18067168641071,0.138475388282999,2.14739430070687,-0.150177132128798,-2.18054624805433,0.138496547252755,2.14742778661123,-0.150265953508458
26,1676.08603444147,106.595246990881,7.86191730755525,2.2149674109885e-12,8.69543683682576e-05,5.55966214308819e-13,1.28883517608963e-12,8.70715284803069e-05,3.97457555506673e-13,2.54727552159847e-08,0.999999968133475,6.39376959461719e-09,1.48020274092303e-08,0.999999980633248,4.56472459765198e-09,0.707003852388378,1.35360394402706,0.686470563075217,1.34527032978582,0.707824990424452,1.35340515132507,0.686132771347576,1.34573144148126,0.705497033674611,1.34937122234544,0.694412138953042,1.34855900405634,0.705053465239801,1.34973696047162,0.694957539033785,1.34848660717709
27,1676.74702818993,17.5806267662835,47.6873506980317,1.26985652343649e-13,5.97827570311526e-08,1.44985172675482e-13,5.93767733639638e-15,5.99040891358947e-08,1.25756439628676e-14,2.12410870548978e-06,0.99999545070182,2.42518947426845e-06,9.91197026281735e-08,0.999999690950721,2.09929576724647e-07,1.74800155268148,-0.367047794103824,-1.6982311457935,0.429026013410945,1.74825304088788,-0.367215534140537,-1.69832205653963,0.42907324471958,-1.05688929490886,0.184636521669129,1.00708665309268,-0.246725074159618,-1.05689899379686,0.184604393011252,1.00714136653126,-0.246672016673474
28,1676.75248464041,17.4202542571584,48.1265215733401,1.61345257691054e-13,1.31549291726696e-07,1.88015620157631e-13,3.36625941169783e-14,1.32290993317053e-07,5.78679621506844e-14,1.22649713337982e-06,0.999997344265823,1.42923704392677e-06,2.5445852345799e-07,0.999999308112437,4.37429039283673e-07,-1.83526199861091,-0.216126074433594,1.94808233813959,0.181433070902067,-1.8355874866886,-0.216013918494866,1.94819121906432,0.181410899951185,-1.04228650569512,-0.161402556184189,1.15533106353351,0.126969750771497,-1.04215793154878,-0.16153177078732,1.15533389133154,0.127002169301525
29,1676.90307243655,16.5364163651731,50.7033396899778,2.7598089539712e-14,9.58859651092788e-09,4.35120112435577e-15,3.2318349200876e-14,8.51540176170459e-09,1.68808463907069e-14,2.87821033573377e-06,0.99999666800202,4.53787644646792e-07,3.79525985755422e-06,0.999994222361703,1.98237843987565e-06,-0.767757317397007,1.54363168890208,0.789641076327531,-1.52057480183629,-0.767719575433104,1.5436578454075,0.78961129895995,-1.52048008125899,1.07802000756256,-2.03058669661834,-1.1079119167134,2.02797824332797,1.07799831776943,-2.0304571459384,-1.10789454635852,2.02800779105277
30,1677.40415179825,15.1413596102825,55.3914640089228,2.93243068299688e-14,6.51496885019212e-08,8.5796970029374e-15,1.09245349970059e-14,5.44341488954213e-08,8.3631094026529e-15,4.5010636955341e-07,0.999999418201642,1.31691988228474e-07,2.00692604693911e-07,0.999999645670265,1.53637130534028e-07,-0.542707305637843,1.58171966773958,0.480923033315981,-1.52632615265276,-0.542651880551687,1.58174563612554,0.480968669679952,-1.52623468524159,-0.683749831425312,2.00249584937895,0.658387008123163,-1.93095630881633,-0.683759035195971,2.00243049019945,0.658372415355533,-1.93100782435302
31,1684.95264395127,33.8578670597659,24.8827346533228,1.9274802051827e-13,2.21495275534588e-07,3.70278403353962e-13,8.54206819825644e-14,2.22140716284184e-07,6.63191087421114e-14,8.70210572670315e-07,0.999997458072226,1.6717172013684e-06,3.8453384441329e-07,0.999999316920871,2.98545284944838e-07,-1.77981803300764,0.345147886131887,1.93234908004938,-0.358861334678204,-1.78020770916013,0.345315286689266,1.9325234204985,-0.358851117021378,-0.999564702551879,0.210764935842371,1.15217874776218,-0.223794054315338,-0.999371521758913,0.210630116600885,1.15214451712766,-0.223788637689756
32,1685.0395971757,34.1910416743284,24.6415364180155,1.36267531693608e-13,7.46826056151742e-08,2.49161500129112e-13,2.64939963210498e-15,7.46652373817852e-08,1.29473773791271e-14,1.82461267001143e-06,0.999994839132359,3.33625497111691e-06,3.54837026115169e-08,0.999999791110639,1.73405658758627e-07,1.34109600420263,-1.10655294386632,-1.28428040003267,1.17495003639466,1.34130376906799,-1.10683687515301,-1.28440493386707,1.17501871345482,-0.828485299726698,0.64736159564137,0.772010942574353,-0.715962399548549,-0.828500366197577,0.647317262238262,0.772064041798306,-0.71593384310423
33,1685.29740685347,32.1072319117138,26.2448256437611,4.98553780158305e-14,1.16104449261279e-08,3.44485402761801e-15,2.37987792902994e-14,1.30885571619371e-08,4.24487299591187e-14,4.29399126926709e-06,0.999995409307077,2.96701654008007e-07,1.81827977976075e-06,0.999994938542643,3.24317757729072e-06,0.263893355804616,1.67591526980975,-0.23635318987368,-1.65439164102255,0.263979190279229,1.67594167661415,-0.236333513120131,-1.65428458795474,-0.353722109861889,-2.2594514077837,0.317067718172313,2.26604450010796,-0.353611522466082,-2.25934497707576,0.317070727827064,2.26607889854101
34,1686.4792544583,28.880735164896,29.1973047920917,5.24066740678278e-14,8.63198051382295e-08,1.88573186888012e-14,4.19258769400121e-15,9.77837912931115e-08,6.03501633203114e-14,6.07121745907395e-07,0.999999174419662,2.18458592328519e-07,4.28760725189522e-08,0.999999339944713,6.1717921434407e-07,1.07250141526912,1.31699294620182,-1.09531048356384,-1.22420512717751,1.07257529941086,1.31696547574462,-1.09517155523221,-1.22417199760472,1.3975407959291,1.66239978853467,-1.37571822759958,-1.56304633752833,1.3974069714227,1.66240883860733,-1.37572308934719,-1.56312436116151
35,1695.52952330473,55.4622803876531,15.2854292273401,2.14152732510541e-13,3.11290412977038e-07,5.71534175230197e-13,1.71704433158261e-13,3.12161932021207e-07,6.19404778625549e-14,6.87949847055359e-07,0.999997476038799,1.83601135426639e-06,5.50048827319811e-07,0.999999251527133,1.98424039410353e-07,-1.72809376921721,0.54530863542598,1.90159172166548,-0.49177728483142,-1.72856634924649,0.545368159846193,1.90182260767636,-0.491665513918247,-0.944612561035173,0.365549548300749,1.11793394018626,-0.311197708789373,-0.944333765821466,0.36551595704822,1.11787195528591,-0.311263570493612
36,1695.81530588029,55.8700757023366,15.1764185439377,1.19318367423e-13,6.73511156193425e-08,3.37613028899915e-13,1.23072772213501e-15,6.79471631052386e-08,8.51540559751973e-15,1.77157507841576e-06,0.999993215727873,5.01269704795055e-06,1.81130085401362e-08,0.999999856563078,1.25323913272247e-07,0.941603196298447,-1.45165902355485,-0.905970176075494,1.52829691954804,0.941806947878131,-1.45196279768497,-0.906148868659979,1.52836380030115,-0.598707045355598,0.861690164014273,0.563572655031349,-0.938846110137103,-0.598728414384893,0.861653821658427,0.563614885384598,-0.938837777772881
37,1696.12174008008,52.8142788433386,16.0574164527668,6.96701072488673e-14,1.0469325854884e-08,9.88655838706188e-15,1.97408663705929e-14,1.34775028771542e-08,7.58722077197725e-14,6.65463839732566e-06,0.999992401033057,9.44328545741025e-07,1.46471690671789e-06,0.999992905778121,5.6295049726242e-06,0.920564967351976,1.47440443601264,-0.90070609827355,-1.44782925396713,0.92069988763162,1.47444803307663,-0.900675082429716,-1.44773672207124,-1.2669681116538,-1.97950735087088,1.22926665382115,1.98275203617202,-1.26679213592278,-1.97947277405121,1.22926223776101,1.98281056391662
38,1699.69740668137,47.7943517545619,17.781362695427,6.29783164229777e-14,7.08065996927482e-08,2.95917253146124e-14,1.44578123526155e-14,1.06515641236024e-07,1.24225213074319e-13,8.89440170277151e-07,0.999998692637111,4.17922718445688e-07,1.35733995128264e-07,0.999998698004882,1.16626112270622e-06,1.78111000118292,0.0597074220301517,-1.76777867810148,0.0258580138282888,1.78116599540698,0.0596347063249141,-1.76763575512833,0.0257832997993264,2.279547566523,0.0365375226768019,-2.22449503162571,0.0542531577787193,2.2794189689896,0.0366751072670262,-2.22452909963476,0.0541308603168675
39,1707.66761270323,86.6986560640645,9.84829344667912,9.36070088133212e-13,3.31450051697151e-07,1.47142208986326e-12,1.06401127538735e-12,3.32221601350621e-07,4.01669686090242e-13,2.82414585314185e-06,0.999992736538495,4.43931565166868e-06,3.20270138041379e-06,0.999995588262505,1.2090361144371e-06,-1.61064482471231,-0.620975780272376,1.69772962305691,0.78703409307792,-1.61081217694868,-0.621702723089533,1.6977266465295,0.787615252980931,-0.917395994707363,-0.27136399955982,1.00396749615112,0.437611755839715,-0.917321990555228,-0.270730943455211,1.00412229754368,0.437273830097724
40,1707.89981054491,86.90044002729,9.82676157916212,2.21243384109685e-13,3.88757857692223e-08,4.64680727623613e-13,2.87111747978773e-14,4.0414050992979e-08,2.40454580447886e-14,5.69093270230129e-06,0.999982356317797,1.1952749500755e-05,7.10424632345164e-07,0.999998694598471,5.94976897020005e-07,0.783685872746028,-1.54672986410181,-0.790278131153841,1.61063516140831,0.784010280162535,-1.54689874829917,-0.79062360502275,1.61067566099108,-0.519317307205316,0.920994722299386,0.525966130480768,-0.986110194489394,-0.519442165566969,0.92102375706985,0.526022028967273,-0.986116253903423
41,1710.29665486246,85.4805887833037,10.0040060510002,2.22214939863567e-13,8.15091716938104e-09,1.0964893920504e-13,7.39324884110419e-14,7.21150733853252e-09,1.87900312609701e-13,2.72614588214454e-05,0.999959286745171,1.3451796007904e-05,1.02516437582224e-05,0.999963693679761,2.60546764803007e-05,1.23228690482225,1.23950238741531,-1.22902314064692,-1.21044370874491,1.23250843774863,1.23976543623512,-1.22909188936207,-1.21043105639115,-1.64453900747355,-1.63468686447535,1.6176825918814,1.62793064107937,-1.64445983896675,-1.63486467314971,1.61769321722091,1.62817389461425
42,1711.03147142273,87.8991981642239,9.73291854281753,1.1389871390037e-13,2.31631481181756e-08,1.27772571542313e-13,4.48484442205722e-14,4.70530373336153e-08,6.32387579246962e-14,4.91718677342258e-06,0.999989566670179,5.51614304744148e-06,9.53144445912648e-07,0.999997702869783,1.34398577096438e-06,1.57061625314105,-0.865287421382593,-1.54023411616039,0.904548030525498,1.5706305709906,-0.865312133869146,-1.54016965357519,0.904256992840816,1.96468819286099,-1.13137607664813,-1.9173056876174,1.18380212642646,1.9647094065619,-1.13129917420765,-1.91739442214471,1.18364128862153
43,1716.05725249063,99.3040501772569,8.64041924487208,5.31172283115077e-05,7.52073246057125e-13,1.30423762980552e-05,5.40394813217738e-05,2.59204413601982e-13,1.29763538803782e-05,0.802864950919261,1.13675594336787e-08,0.197135037713179,0.806368837301667,3.86780843389542e-09,0.193631158830524,1.67657373185704,0.00608779643910368,-1.45356396384949,1.10316906655333,-1.67376932722519,-0.00828974661164936,1.4513021018295,-1.10112411381355,-2.02563770661361,1.01622556849866,0.918379857819978,0.477641039158126,2.02660501263894,-1.01506849266035,-0.919359903478289,-0.479129449104181
44,1716.41298504369,138.044219314656,6.21689554827113,4.17542246488035e-14,2.74739904642734e-09,1.21598769340466e-15,4.05557190957945e-13,3.59287168804013e-09,2.11245175693305e-13,1.51974907553725e-05,0.999984359920216,4.42589028645599e-07,0.000112858909118709,0.999828355546902,5.87855439796865e-05,-1.52050490147653,0.480273739755338,1.50594714985533,-0.489250557030893,-1.52048976146758,0.480362505326552,1.5058696929562,-0.489207575596466,-1.95630742538794,0.645563966638661,1.94409108240863,-0.660727542078123,-1.95602880622062,0.645204950799565,1.94395032045419,-0.660675642545824
45,1716.49636552996,137.86484656837,6.22528660588874,8.7646244910913e-14,3.33879570785962e-08,7.4938706499842e-14,9.51173358830469e-15,3.0874522667951e-08,2.58995207391045e-13,2.62507280416283e-06,0.999995130454993,2.24447220313693e-06,3.08074426622838e-07,0.999991303360095,8.38856547802873e-06,-0.457598501328267,-1.59282397441972,0.462927388078116,1.65215032071168,-0.457827834044078,-1.59274633819159,0.462885760305552,1.6521541258891,-0.247228597088146,-0.883048896432356,0.251661769515497,0.940055941791411,-0.247036764478844,-0.883038507656482,0.251580533830971,0.940292987009667
46,1716.51804272291,138.071556306308,6.21604510242089,1.34306564815838e-13,1.4711497785322e-09,1.40155139753198e-14,4.57932389493029e-13,4.12587095651138e-10,1.32930523465049e-13,9.12844003265303e-05,0.999899189648427,9.52595124638541e-06,0.00110831756632049,0.998569955389171,0.000321727044508904,1.14680793858923,1.10549488117945,-1.15189620909199,-1.09394444661087,1.14690949468662,1.10531592706884,-1.151786564961,-1.0939177515671,-1.41597861752361,-1.46935854822493,1.41282128000679,1.46349828201374,-1.41556207352307,-1.46928065067164,1.41271004975438,1.46333262865137
47,1716.5181898607,137.866723096732,6.2252810225145,1.16950161268602e-13,5.75115400487111e-09,1.96865714015464e-14,1.44349488952316e-14,8.00747768845971e-09,1.08697256508367e-13,2.03345941904945e-05,0.999976242422582,3.42298322730159e-06,1.80265590387317e-06,0.999984623083972,1.35742601239379e-05,0.679840094411198,-1.40921817646352,-0.699926525656144,1.42364308804565,0.679680346063242,-1.40932243488758,-0.699936236460699,1.42352371634501,-0.499151793127344,0.895850847260983,0.520513971298272,-0.915595476940837,-0.499215494372076,0.895786862111931,0.520651627554609,-0.915731924105838
48,1716.65273987886,52.9466512837993,16.2111549857746,6.02443986965793e-14,6.8032652184283e-08,2.88998620495004e-14,1.67194334915569e-14,1.35132241902441e-07,1.72916421122267e-13,8.85520670196825e-07,0.999998689685892,4.24793437470602e-07,1.23726283181833e-07,0.9999985966666,1.27960711691378e-06,1.6303229081354,-0.805823178906658,-1.60306404875726,0.886251317192146,1.63035091402262,-0.805928559238736,-1.6029779292714,0.886134348371764,2.06542782480726,-1.05494197720946,-1.98467107616968,1.14316014628205,2.06535727026753,-1.05475029274267,-1.98477213378339,1.14302508791176
49,1718.68612145878,104.953585217051,8.18783902381426,5.6246776825607e-05,1.0418874544809e-13,1.3746355045794e-05,5.66706190905822e-05,4.29915823089133e-14,1.34087867218944e-05,0.803604228558071,1.48855669845474e-09,0.196395769953373,0.808662950246179,6.13469560480853e-10,0.191337049140352,1.0869264028692,1.48550537230433,-0.0392056208536878,1.75908746282531,-1.08530692027125,-1.48474136568815,0.0377070864701499,-1.75967947769026,-0.494759451267068,1.00932034361473,0.969636599112487,2.07038327588683,0.494955499562688,-1.0094217892228,-0.969710028379143,-2.07022520103613
50,1721.13143167498,201.154312450052,4.27813704491757,8.00854196914235e-14,3.85926519853952e-11,4.09609015561298e-14,2.1979967892198e-13,1.72898430225524e-11,7.96373026977033e-14,0.00206865846442994,0.996873294814441,0.00105804672112923,0.0124962294573652,0.9829761660768,0.00452760446583451,0.958851799148915,1.12403657241053,-0.960860883815142,-1.12321360719501,0.959023937965892,1.12399711424823,-0.960744037366583,-1.12319806530705,-1.05427113473646,-1.33138762351416,1.05501848431135,1.33034139346756,-1.05397619174824,-1.33126089587051,1.05501093639733,1.33024965346447
51,1721.13345717564,201.150742205875,4.27821801277293,5.63961928925114e-14,6.2377783496622e-11,2.80035896473155e-14,2.42777486426638e-13,6.1909439868791e-11,8.85456422272065e-14,0.000902885392917827,0.998648785903582,0.000448328703499832,0.00390061873818295,0.994676750208421,0.00142263105339569,-1.32259743633785,0.0736695933258635,1.32123277593248,-0.0759202927299257,-1.32266143809412,0.0737999900132924,1.3211582764532,-0.0758511209169678,-1.80531682528064,0.205075313527254,1.8050501435717,-0.207526397313772,-1.80503487427423,0.204887301402191,1.80497230244167,-0.207576358142287
52,1721.14018032583,201.153616501744,4.27817359254615,9.54248741987085e-14,9.83325790929185e-10,1.74983252381312e-13,9.58715029485807e-17,1.46978807983331e-10,2.99587044622579e-14,9.70163104435689e-05,0.999725082176162,0.000177901513394717,6.52147777212485e-07,0.999795559427901,0.00020378842432152,-0.451583681889023,-1.66724305331566,0.447706686879546,1.67669111003679,-0.451878186080043,-1.66731999589224,0.447621397703745,1.676719134217,0.267331346470895,-0.329119082793045,-0.268929900905727,0.332690730195058,0.267343885635559,-0.329046542894727,-0.269002938477381,0.332711705370241
53,1721.14099798846,201.153820352366,4.27817128944779,1.29837666141453e-14,2.88439581988754e-10,2.53195336479174e-14,3.29011527406553e-15,5.62038381695209e-10,1.62582433783663e-13,4.50078403796439e-05,0.999867222750112,8.7769409507944e-05,5.85217071771932e-06,0.999704960345274,0.000289187484008301,0.605919555104328,-0.0421064390905997,-0.607454422312449,0.0368251119717214,0.605973969302209,-0.0422054300130033,-0.607456323615883,0.0367863538441824,-0.790498097533841,0.718084285916197,0.797986486238148,-0.719644267383069,-0.79049684133354,0.71791839679227,0.798165655507748,-0.719690702051698
54,1732.69628547312,79.0675566177807,10.9570622869322,4.0710011122114e-13,1.91566774871377e-08,6.48740750165219e-14,1.11856648264625e-13,1.74616339365133e-08,3.03977080691268e-14,2.1250557763984e-05,0.999975363026363,3.38641587296142e-06,6.40580013407294e-06,0.999991853385659,1.74081420680566e-06,1.30345823934523,1.26923001110342,-1.30582955180447,-1.22431289486136,1.30384098597514,1.26921089183843,-1.30582318579155,-1.22414844918544,-1.74165218524453,-1.73005776047943,1.70546538393141,1.70654649268685,-1.74155126782502,-1.72996111373995,1.70564524375324,1.70656999950967
55,1737.32374983202,110.316658266094,7.87425841726203,3.62596885706146e-05,1.32624292403363e-13,3.70434763997918e-05,3.6651614258431e-05,1.86954797375119e-13,3.68616669449557e-05,0.494653791819904,1.80925737949997e-09,0.505346206370839,0.498571327047937,2.54314314147433e-09,0.501428670408919,-0.977299162123414,1.99951457133955,0.60514941513841,-1.2002341654127,0.974914183265065,-1.99862886924599,-0.602571364392974,1.19921056586874,-0.942009164920517,1.91235554690942,0.655856221853609,-1.34220727308977,0.94240263570078,-1.91089908867676,-0.656480890855844,1.34091175104935
56,1744.173116348,88.3145501276916,9.8747777904442,6.40757570603063e-13,2.8170793008829e-07,1.3161119682719e-12,2.63686511083332e-13,2.76895935333616e-07,3.82151558909244e-13,2.27452993404872e-06,0.999993053600071,4.67186999535063e-06,9.52292404505481e-07,0.999997667583806,1.38012378951077e-06,-1.10829273152401,-1.60177941618,1.03143603397009,1.7565017461056,-1.10888912536724,-1.60229938535271,1.03153010524855,1.7567918086179,-0.721407446473209,-0.819445040735311,0.643771008321905,0.972076353618575,-0.721052356440142,-0.819180154455891,0.643584068070588,0.971998195145591
57,1744.69521819032,88.6775638171568,9.83729786368334,4.64635548448435e-13,1.31131758837199e-07,6.95024775226406e-13,1.28772528433015e-13,1.34625675898255e-07,1.02621210248063e-13,3.54324111574787e-06,0.999991156604025,5.30015485958652e-06,9.5652115572166e-07,0.999998281209439,7.62269404992641e-07,0.986605620736382,-1.52695828828326,-1.07255050054776,1.6078351682805,0.986993961107226,-1.52738744648776,-1.0728011653748,1.60800319888432,-0.669570409595594,0.942957796380208,0.757568828356856,-1.02357054663725,-0.669335174783715,0.942810245215042,0.75748575158694,-1.02353885848471
58,1769.73636740708,71.8982827338847,12.30722278832,6.67810599551015e-14,9.67262355178432e-09,6.34183870074583e-14,5.60403766001601e-14,1.21666401644905e-07,2.40541290173758e-13,6.9040380508602e-06,0.999986539567706,6.55639424288927e-06,4.60605715590309e-07,0.999997562343097,1.97705118721817e-06,-0.797945088741867,-1.66982723349266,0.808835881083992,1.69992724631518,-0.798125291561424,-1.66982020540323,0.808957900354787,1.69991908513029,-0.99424354544877,-2.05683496207089,1.10239500886248,2.09131570339428,-0.994102816257758,-2.05666026558196,1.10216029959521,2.09126338034183
59,1808.1266262528,101.860974263249,8.87546304819299,5.48093556028472e-14,6.03704008546578e-05,1.03598335322418e-14,8.20155660119804e-13,5.95188424188984e-05,1.14744278045709e-12,9.07884572037795e-10,0.999999998920511,1.71604517684086e-10,1.37797645195187e-08,0.999999966941589,1.92786468266413e-08,-1.41603865341152,0.610062856524149,-0.965698860037879,0.243005837900843,-1.41606857345509,0.610132735249558,-0.965764009009024,0.242889507491471,1.27075699291324,-0.873407824763617,1.08948573848588,0.0136043320549651,1.27115414202405,-0.873898928623185,1.0892121394102,0.0140915911413992
60,1825.90867817339,80.8172185198473,11.2965325435258,2.58516636753047e-13,4.52488648528246e-08,8.38281535536263e-14,7.15496479417963e-13,3.23371419078258e-07,3.96095636362031e-14,5.7131749430225e-06,0.999992434236719,1.8525883379023e-06,2.21260991680186e-06,0.999997664900992,1.22489090893851e-07,1.45597511259577,-1.01194771417351,-1.40672055977865,0.96348513762894,1.45620724220027,-1.01217825367121,-1.40671166979085,0.963611618609262,-2.32317150409769,1.01910682975144,2.13844703344021,-1.02674982731702,-2.32319076956667,1.01868429704288,2.13815544196872,-1.0268370608131
