comsol_index,frequency_real_Hz,frequency_imag_Hz,Q,Forward,Backward,pml_fraction,mode_class,matched_theory_index,theory_real_Hz,theory_imag_Hz,theory_Forward,theory_Backward,pair_quality
1,1256.43837528062,123.027638348519,5.10632566855146,0.46032963649263,0.54377373525578,0.104458044257901,physical,44,1238.54643052222,124.291942244826,0.500111776606337,0.500029524428458,low
2,1308.98491253689,134.12501806633,4.8797194267275,0.471295086806733,0.535817603769146,0.0953808976958482,physical,45,1245.52334629692,124.189811117432,0.482664353106758,0.476914316654994,ambiguous
3,1310.22044607279,131.524851013598,4.98088549797076,0.457226515774251,0.52889036221816,0.0929930919829458,physical,46,1258.2216515788,137.900502172875,0.0558901453562974,0.0181648189535195,ambiguous
4,1319.37427972494,117.864168048509,5.59701180422339,0.463753163028643,0.518363877856156,0.0801959949403215,physical,47,1319.23669713957,122.076298404306,0.50199675372722,0.498019035017528,ambiguous
5,1331.93625294502,94.6806025386571,7.03383912455146,2.20556748340982e-07,2.64323439412716e-08,0.02663992725398,physical,48,1319.30224742893,120.865759704305,0.501551605358403,0.497567564865362,ambiguous
6,1403.14659536679,130.385501787558,5.38076157291239,1.1371172758508e-08,6.56627279402441e-09,0.0357670754065612,physical,49,1390.59973290855,129.83911551891,0.00278818673890247,0.00224381490224222,ambiguous
7,1425.23785969866,113.080690056145,6.3018622321416,0.491708534337651,0.533256402674332,0.0587444175770813,physical,50,1408.28677957762,118.472807197118,0.500052004975995,0.499957531134704,moderate
8,1479.18182971742,4.27605472084719,172.961050113077,0.989618692273398,0.993294108429061,0.00186408986642442,physical,51,1414.22200447406,116.628346339722,0.494866901549123,0.498833636067129,ambiguous
9,1504.90641280208,114.668690543904,6.56197609680513,0.400153299953008,0.406374477280652,0.0514139765189747,physical,52,1504.03238823443,114.384484738564,0.491796830051861,0.508304199199251,ambiguous
10,1505.81253190047,119.410874468494,6.30517337136564,0.40014080671742,0.430007597796744,0.0536086180716204,physical,53,1504.29622384695,114.567569368858,0.491174813265746,0.508299967954239,ambiguous
11,1510.22146268127,122.685649533979,6.15484153369949,0.508179613247785,0.516653097750277,0.054784701748745,physical,54,1527.12882519542,119.767052294723,0.0012744521524849,0.000697338239461649,ambiguous
12,1548.16512362716,103.698075787909,7.46477266749669,1.07113590607575e-08,2.35452185057748e-08,0.0261423927475097,physical,55,1606.42688562248,109.615485539061,0.501167359714277,0.49868588893216,low
13,1618.27619685483,103.977750787484,7.78183882897394,0.492779196426187,0.512659359028176,0.0394006453527883,physical,56,1609.9906562647,108.059878579247,0.501114873348252,0.497459774401618,moderate
14,1662.80230949227,0.990594723316899,839.294956026294,1.25212437920425e-08,4.07355409273469e-07,0.00189062718740114,physical,57,1656.91598666034,0.237339268663547,0.498546077675748,0.498567235742133,moderate
15,1665.99268954057,0.497018554751826,1675.98641299463,1.27250209383772e-06,1.54404392058015e-06,0.00179411232260217,physical,58,1664.01070650559,112.035063765932,0.000204236060849065,0.00137342982769598,ambiguous
16,1667.07548297936,0.1114468280868,7479.24149838055,0.336992016149355,0.516206679460746,3.7840167851684e-05,physical,59,1668.82841165628,0.304283140041498,0.363620752815597,0.403124866988594,ambiguous
17,1667.45530344692,0.987196591211235,844.540650915866,0.115695632932044,0.877973971475163,0.000335002035610094,physical,60,1668.89927281397,0.707542050419854,0.458834348476201,0.539991826746167,high
18,1668.65277324633,0.719680522993558,1159.30105090622,2.85521729216783e-05,8.69175500422163e-05,0.829458234143763,PML-dominated,61,1668.90270021129,0.639926085910999,0.131609065542615,0.66634562478324,ambiguous
19,1668.65393137292,0.721486343704357,1156.40021875223,4.42438958662246e-05,0.000164201169929492,0.824349211675402,PML-dominated,62,1668.90474515992,0.574902314886799,0.437014713720336,0.560600877247703,ambiguous
20,1668.65507230657,0.675065919695458,1235.92009581772,6.14635810895223e-07,1.22960634596708e-05,0.808599621306404,PML-dominated,63,1670.87460416957,3.38506414492781,0.371619577768793,0.39360371858613,ambiguous
21,1668.65815444543,0.646456493279185,1290.61906856335,9.11559261131507e-06,5.4262457457607e-05,0.783058338593712,PML-dominated,64,1671.60381834227,5.75916009116796,0.332092081912161,0.434100390247707,ambiguous
22,1671.34564679514,6.36537299629035,131.284187727033,2.99080612981442e-06,6.30702600961648e-07,0.424030400456663,PML-dominated,65,1671.86242971785,6.02140032532569,0.495289350622062,0.507421587253735,ambiguous
23,1671.36918332475,6.33107358450178,131.997295641627,2.22747921651935e-06,7.82579944361932e-08,0.416671506432247,PML-dominated,66,1671.98267662229,4.97592214382137,0.496077610417735,0.504083019893553,ambiguous
24,1671.39594749049,6.00115811217681,139.256116590154,2.67161799294153e-06,1.46334822801551e-05,0.385660402994992,PML-dominated,67,1675.23810675505,10.9691892954457,0.369646347172236,0.393870940675509,ambiguous
25,1671.5419820552,5.65021207085068,147.918517136609,9.10331703883593e-07,5.55370946669098e-06,0.339567819721904,PML-dominated,68,1677.03261536071,16.0114300750935,0.350762865370333,0.416684155519544,ambiguous
26,1676.08603444147,106.595246990881,7.86191730755525,2.54727552159847e-08,1.48020274092303e-08,0.0255083496859625,physical,69,1677.36598726932,16.054265245309,0.502105103630919,0.505394136008429,ambiguous
27,1676.74702818993,17.5806267662835,47.6873506980317,2.12410870548978e-06,9.91197026281735e-08,0.340990511230644,PML-dominated,70,1678.17821138788,10.9166123056374,0.501721170697508,0.500037335615616,ambiguous
28,1676.75248464041,17.4202542571584,48.1265215733401,1.22649713337982e-06,2.5445852345799e-07,0.33670526678446,PML-dominated,71,1682.25871452866,23.2862730825622,0.36110583623907,0.40152197254157,ambiguous
29,1676.90307243655,16.5364163651731,50.7033396899778,2.87821033573377e-06,3.79525985755422e-06,0.320345369802488,PML-dominated,72,1683.06984144478,21.7804140516054,0.510667686330698,0.496741711790385,ambiguous
30,1677.40415179825,15.1413596102825,55.3914640089228,4.5010636955341e-07,2.00692604693911e-07,0.287276120203001,physical,73,1685.40740653037,31.2869217498303,0.343444714611617,0.418812449732269,ambiguous
31,1684.95264395127,33.8578670597659,24.8827346533228,8.70210572670315e-07,3.8453384441329e-07,0.355266883615555,PML-dominated,74,1685.7160524647,31.1713961833854,0.544384060281465,0.455523453652826,ambiguous
32,1685.0395971757,34.1910416743284,24.6415364180155,1.82461267001143e-06,3.54837026115169e-08,0.357340992329365,PML-dominated,75,1691.83914239458,39.4675740765084,0.508411247130111,0.51495779775133,ambiguous
33,1685.29740685347,32.1072319117138,26.2448256437611,4.29399126926709e-06,1.81827977976075e-06,0.340658480078616,PML-dominated,76,1692.06346886954,40.4572114052492,0.341246654830312,0.420869568716575,ambiguous
34,1686.4792544583,28.880735164896,29.1973047920917,6.07121745907395e-07,4.28760725189522e-08,0.297698279144523,physical,77,1696.45800580698,51.4543029113562,0.313959233287566,0.44139983487661,ambiguous
35,1695.52952330473,55.4622803876531,15.2854292273401,6.87949847055359e-07,5.50048827319811e-07,0.368221505688126,PML-dominated,78,1696.70350865519,51.1986627615044,0.632392580921276,0.369210644506662,ambiguous
36,1695.81530588029,55.8700757023366,15.1764185439377,1.77157507841576e-06,1.81130085401362e-08,0.36880001339971,PML-dominated,79,1703.89519226423,60.2005535205046,0.429350690635854,0.607942812559827,ambiguous
37,1696.12174008008,52.8142788433386,16.0574164527668,6.65463839732566e-06,1.46471690671789e-06,0.349550092240131,PML-dominated,80,1704.56224746437,60.5565024897377,0.327891211245517,0.450610819765959,ambiguous
38,1699.69740668137,47.7943517545619,17.781362695427,8.89440170277151e-07,1.35733995128264e-07,0.288496307649209,physical,81,1711.31713327279,89.4274304531031,0.333833566916819,0.663371702985367,ambiguous
39,1707.66761270323,86.6986560640645,9.84829344667912,2.82414585314185e-06,3.20270138041379e-06,0.394454220009851,PML-dominated,82,1711.53061649496,89.3772021308519,0.408516486551421,0.484464305711967,ambiguous
40,1707.89981054491,86.90044002729,9.82676157916212,5.69093270230129e-06,7.10424632345164e-07,0.394890184368517,PML-dominated,83,1713.29469971443,84.6683287834887,0.395580395838704,0.512528266119164,ambiguous
41,1710.29665486246,85.4805887833037,10.0040060510002,2.72614588214454e-05,1.02516437582224e-05,0.372513320350036,PML-dominated,84,1713.66802857564,85.1126780978615,0.182877763821823,0.760663928167397,ambiguous
42,1711.03147142273,87.8991981642239,9.73291854281753,4.91718677342258e-06,9.53144445912648e-07,0.376193417948671,PML-dominated,85,1714.20191700681,105.242348814862,0.503624643832367,0.496323380992937,ambiguous
43,1716.05725249063,99.3040501772569,8.64041924487208,0.802864950919261,0.806368837301667,0.0336622705694516,physical,86,1715.30858420842,105.413784503935,0.503287500671275,0.496463531065704,ambiguous
44,1716.41298504369,138.044219314656,6.21689554827113,1.51974907553725e-05,0.000112858909118709,0.488994892955933,PML-dominated,87,1716.83335858729,138.038059874313,0.456580691975497,0.552862212407479,ambiguous
45,1716.49636552996,137.86484656837,6.22528660588874,2.62507280416283e-06,3.08074426622838e-07,0.48778076272906,PML-dominated,88,1716.86166439,138.021798574858,0.388742809330681,0.531163031767398,ambiguous
46,1716.51804272291,138.071556306308,6.21604510242089,9.12844003265303e-05,0.00110831756632049,0.488365479832559,PML-dominated,89,1716.98650959117,138.121253794841,0.358246985558245,0.295075354108052,ambiguous
47,1716.5181898607,137.866723096732,6.2252810225145,2.03345941904945e-05,1.80265590387317e-06,0.487738500419204,PML-dominated,90,1717.01111002859,138.099130104148,0.385583065070013,0.373293530190611,ambiguous
48,1716.65273987886,52.9466512837993,16.2111549857746,8.85520670196825e-07,1.23726283181833e-07,0.213736441962217,physical,91,1721.45516704182,201.116183270533,0.356731850438414,0.0228199408537765,ambiguous
49,1718.68612145878,104.953585217051,8.18783902381426,0.803604228558071,0.808662950246179,0.0355804936926124,physical,92,1721.46040024709,201.111442747758,0.488529387125473,0.55410908092313,ambiguous
50,1721.13143167498,201.154312450052,4.27813704491757,0.00206865846442994,0.0124962294573652,0.602514520725936,PML-dominated,93,1721.46858861474,201.108673772226,0.447382778045865,0.276124950821855,high
51,1721.13345717564,201.150742205875,4.27821801277293,0.000902885392917827,0.00390061873818295,0.60248980363212,PML-dominated,94,1721.47202706526,201.102095402372,0.69869802773368,0.464597627130249,moderate
52,1721.14018032583,201.153616501744,4.27817359254615,9.70163104435689e-05,6.52147777212485e-07,0.602451484267054,PML-dominated,95,1723.44716841991,279.398987874082,0.642914806606562,0.10481143586964,moderate
53,1721.14099798846,201.153820352366,4.27817128944779,4.50078403796439e-05,5.85217071771932e-06,0.602447522797328,PML-dominated,96,1723.44837680708,279.399389670718,0.621613809270238,0.0702996660612531,moderate
54,1732.69628547312,79.0675566177807,10.9570622869322,2.1250557763984e-05,6.40580013407294e-06,0.241133931709241,physical,100,1725.0784126539,78.1084688502617,0.412766623785392,0.4888360083805,ambiguous
55,1737.32374983202,110.316658266094,7.87425841726203,0.494653791819904,0.498571327047937,0.0368133364999646,physical,101,1741.05995906829,435.321200308298,0.23949540951295,0.150919228255827,moderate
56,1744.173116348,88.3145501276916,9.8747777904442,2.27452993404872e-06,9.52292404505481e-07,0.229384074927617,physical,102,1741.06017667791,435.320294687388,0.466892681027316,0.079473439455422,ambiguous
57,1744.69521819032,88.6775638171568,9.83729786368334,3.54324111574787e-06,9.5652115572166e-07,0.22927743342849,physical,104,1741.07277514602,435.31742812425,0.343020193850066,0.0450397580184007,ambiguous
58,1769.73636740708,71.8982827338847,12.30722278832,6.9040380508602e-06,4.60605715590309e-07,0.140014779061045,physical,106,1767.14484244594,80.2794907045213,0.405804669617926,0.4235464789557,ambiguous
59,1808.1266262528,101.860974263249,8.87546304819299,9.07884572037795e-10,1.37797645195187e-08,0.0454292787370122,physical,107,1801.46606646263,104.712709983927,0.000966236160019868,0.000688865032755872,moderate
60,1825.90867817339,80.8172185198473,11.2965325435258,5.7131749430225e-06,2.21260991680186e-06,0.100754260364436,physical,110,1826.73176916116,100.451800858713,0.502708521736572,0.497108374499883,ambiguous
